{"cameraMode":{"drawMode":0,"name":"Shaded","section":"Shading Mode"},"sceneLighting":false,"audioPlay":false,"sceneViewState":{"showFog":true,"showMaterialUpdate":false,"showSkybox":false,"showFlares":true,"showImageEffects":true,"showParticleSystems":true,"showVisualEffectGraphs":true,"m_FxEnabled":true},"in2DMode":false,"pivot":{"x":0.14211447536945344,"y":0.7577055096626282,"z":-0.6424893736839294},"rotation":{"x":-0.06175537407398224,"y":-0.02185911126434803,"z":0.0013529324205592275,"w":-0.9978528022766113},"size":5.734261512756348,"orthographic":false}